Interlayer mole fraction,Nanopore mole fraction,Total mole fraction,Chemical potential,Partial molar entropy,dq/de,Partial molar enthalpy,Entropy
0.9760544217687075,0.4307260726072607,0.6088666666666667,0.05,0.0009973391351038308,6.443317616482859,-0.04900266086489617,0.0
0.9889115646258503,0.6197689768976897,0.7403555555555555,0.03,-0.014857416020663358,4.912673817809701,-0.04485741602066336,-0.0009112230547983969
0.9935374149659864,0.7435973597359736,0.8252444444444444,0.01,-0.02549599128598684,3.777607762624874,-0.03549599128598684,-0.00262400100936955
0.998843537414966,0.8395049504950496,0.8915555555555554,-0.01,-0.041041020390354954,3.3053858985825584,-0.031041020390354952,-0.004830072596505145
0.9987074829931973,0.8741254125412541,0.9148222222222222,-0.02,-0.04925328594191583,1.9333313752953667,-0.029253285941915827,-0.005880496360170567
0.9986394557823128,0.9033003300330034,0.9344444444444444,-0.03,-0.05526691769390205,1.559268189832843,-0.025266917693902054,-0.006905955691397535
0.9994557823129252,0.9297359735973597,0.9525111111111111,-0.04,-0.06385098970101583,1.6797413572833781,-0.023850989701015828,-0.00798198745486496
0.9997278911564625,0.9501320132013202,0.9663333333333333,-0.05,-0.07168594575013959,1.1188585010702758,-0.021685945750139587,-0.008918698275427387
