Interlayer mole fraction,Nanopore mole fraction,Total mole fraction,Chemical potential,Partial molar entropy,dq/de,Partial molar enthalpy,Entropy
0.977687074829932,0.43323432343234325,0.6110888888888888,0.05,0.003608766057299359,7.23787579437983,-0.046391233942700644,0.0
0.9865986394557823,0.6133003300330033,0.7352444444444444,0.03,-0.017290137194993983,4.243239151624863,-0.04729013719499398,-0.0008493091171811098
0.9949659863945578,0.7466666666666666,0.8277777777777778,0.01,-0.02767579041989117,3.5847647319788383,-0.03767579041989117,-0.002929732701496466
0.9970068027210884,0.8397689768976897,0.8911333333333332,-0.01,-0.04438879042692146,2.8364652416931984,-0.03438879042692146,-0.005212578479210491
0.9982312925170068,0.8718481848184819,0.9131333333333334,-0.02,-0.04966189655394476,2.2748421509599295,-0.029661896553944765,-0.006247136036000026
0.9982993197278911,0.9023432343234323,0.9336888888888889,-0.03,-0.05762113825148102,1.6245998554847756,-0.027621138251481017,-0.007349767227055791
0.9995238095238095,0.9266336633663367,0.9504444444444444,-0.04,-0.06376602765157248,1.3658520743998381,-0.023766027651572482,-0.008366721928065816
0.9993877551020408,0.9477227722772277,0.9646,-0.05,-0.07307734655701816,0.8733633056671409,-0.023077346557018156,-0.00933526892107551
