Interlayer mole fraction,Nanopore mole fraction,Total mole fraction,Chemical potential,Partial molar entropy,dq/de,Partial molar enthalpy,Entropy
0.9766211415062479,0.4336329193575095,0.6122760444444445,0.05,0.002021527450641575,7.434771245802592,-0.04797847254935843,0.0
0.9902218844984803,0.6152350389137274,0.7386057111111112,0.03,-0.014480393277907136,5.255405440231176,-0.044480393277907135,-0.0007869621835015913
0.9956732185072611,0.7445152177512833,0.8271461999999999,0.01,-0.028243508769335186,3.696206546394547,-0.03824350876933519,-0.002678359770753507
0.998033975008443,0.8377133300215267,0.8904588222222222,-0.01,-0.041289369655331205,2.537582804238944,-0.0312893696553312,-0.004879514202615812
0.9986350557244174,0.8738754429541316,0.9149213555555555,-0.02,-0.04899335132452645,2.2107283190693026,-0.028993351324526448,-0.005983786238312714
0.9991687943262412,0.9036470607716509,0.9350737111111111,-0.03,-0.05649670044653269,1.8178083775764295,-0.02649670044653269,-0.00704672275374489
0.9994333671057075,0.9281941381023349,0.9516318444444445,-0.04,-0.06382356658445883,1.413695670420783,-0.02382356658445883,-0.008042862265845604
0.9995796014859845,0.9474747143566815,0.9646172222222221,-0.05,-0.07213338421898716,1.1355432900567652,-0.02213338421898715,-0.008925588449694342
