Interlayer mole fraction,Nanopore mole fraction,Total mole fraction,Chemical potential,Partial molar entropy,dq/de,Partial molar enthalpy,Entropy
0.9766918608578183,0.43342056631892695,0.6121568222222222,0.05,0.0016788054169535466,7.303912697641915,-0.048321194583046456,0.0
0.9901451536643027,0.615100712038417,0.7384903333333334,0.03,-0.01459525156948209,5.096530208906717,-0.04459525156948209,-0.0008158899967632666
0.9958642350557244,0.7440801788375558,0.8269171333333334,0.01,-0.028205706493819704,3.6414541333281987,-0.038205706493819706,-0.002708265875999255
0.9980841607565012,0.8376034773969201,0.8904016222222222,-0.01,-0.04216134656628702,2.807384273366297,-0.03216134656628702,-0.0049418740750683515
0.9987681188787572,0.87411912568306,0.9151286444444445,-0.02,-0.049017056026710595,2.1706614543962086,-0.0290170560267106,-0.006069159268620245
0.999157514353259,0.9032508362311641,0.9348041333333333,-0.03,-0.056152230380742324,1.718143016873324,-0.026152230380742325,-0.007103787831701348
0.9993954745018575,0.9279698294419606,0.9514688666666666,-0.04,-0.06433735824645032,1.4487611577966284,-0.024337358246450322,-0.008107751263658945
0.999609388720027,0.9475884417949991,0.9647033333333334,-0.05,-0.07247857619446034,1.1258917736464202,-0.02247857619446034,-0.00901309422557249
