Interlayer mole fraction,Nanopore mole fraction,Total mole fraction,Chemical potential,Partial molar entropy,dq/de,Partial molar enthalpy,Entropy
0.9762585034013606,0.4378877887788779,0.6137555555555555,0.05,0.003414313822139095,7.500778440168828,-0.04658568617786091,0.0
0.9904081632653061,0.6182838283828382,0.7398444444444445,0.03,-0.013264318905152506,5.391181705604014,-0.043264318905152505,-0.0006209880982335351
0.9945578231292517,0.7448514851485148,0.8264222222222223,0.01,-0.028901954585058995,3.5192718862269667,-0.038901954585059,-0.0024463192262098015
0.9967346938775511,0.8355775577557756,0.8882222222222221,-0.01,-0.044578211166035685,2.3418871013434197,-0.03457821116603568,-0.004716856347918621
0.9991836734693877,0.8698349834983499,0.9120888888888888,-0.02,-0.04843962928926614,2.4544982618802353,-0.028439629289266136,-0.005826869244018558
0.9989795918367348,0.8991419141914191,0.9317555555555554,-0.03,-0.05639224220001475,1.6488664144154688,-0.026392242200014748,-0.006857715980329818
0.9999319727891157,0.9303630363036304,0.9530888888888889,-0.04,-0.06343552556180054,1.2179782905910328,-0.02343552556180054,-0.008135878836455853
0.9999319727891157,0.9452145214521452,0.9630888888888889,-0.05,-0.07259382219644481,0.918899667658082,-0.022593822196444804,-0.00881602557524708
